{"UCLA26.txt": {"network_size": 20467, "max": 8.0, "number": 418304756, "giant_component_n": 20453, "total": 1263021592.0, "mean": 3.019381381358236}, "Simmons81.txt": {"network_size": 1518, "max": 7.0, "number": 2278590, "giant_component_n": 1510, "total": 5856794.0, "mean": 2.5703588622788653}, "Pepperdine86.txt": {"network_size": 3445, "max": 9.0, "number": 11830160, "giant_component_n": 3440, "total": 29572114.0, "mean": 2.4997222353712885}, "Harvard1.txt": {"network_size": 15126, "max": 11.0, "number": 227572310, "giant_component_n": 15086, "total": 656643896.0, "mean": 2.8854296728806768}, "Caltech36.txt": {"network_size": 769, "max": 6.0, "number": 579882, "giant_component_n": 762, "total": 1355676.0, "mean": 2.3378480449470755}, "Syracuse56.txt": {"network_size": 13653, "max": 7.0, "number": 186035960, "giant_component_n": 13640, "total": 532511480.0, "mean": 2.8624115466708693}, "NYU9.txt": {"network_size": 21679, "max": 8.0, "number": 467532506, "giant_component_n": 21623, "total": 1405922392.0, "mean": 3.0071115354704343}, "MU78.txt": {"network_size": 15436, "max": 7.0, "number": 237915200, "giant_component_n": 15425, "total": 677938974.0, "mean": 2.849498367485558}, "Virginia63.txt": {"network_size": 21325, "max": 9.0, "number": 454478442, "giant_component_n": 21319, "total": 1304049184.0, "mean": 2.869331223415873}, "Haverford76.txt": {"network_size": 1446, "max": 6.0, "number": 2089470, "giant_component_n": 1446, "total": 4655060.0, "mean": 2.2278663967417573}, "Emory27.txt": {"network_size": 7460, "max": 8.0, "number": 55480152, "giant_component_n": 7449, "total": 150716538.0, "mean": 2.7165848067611638}, "Villanova62.txt": {"network_size": 7772, "max": 7.0, "number": 60132270, "giant_component_n": 7755, "total": 165014900.0, "mean": 2.7441987471951417}, "Amherst41.txt": {"network_size": 2235, "max": 7.0, "number": 4992990, "giant_component_n": 2235, "total": 12001456.0, "mean": 2.4036611329083373}, "Bingham82.txt": {"network_size": 10004, "max": 8.0, "number": 100010000, "giant_component_n": 10001, "total": 282068642.0, "mean": 2.820404379562044}, "Dartmouth6.txt": {"network_size": 7694, "max": 8.0, "number": 58928652, "giant_component_n": 7677, "total": 163110374.0, "mean": 2.767929834878965}, "UCSC68.txt": {"network_size": 8991, "max": 8.0, "number": 80613462, "giant_component_n": 8979, "total": 244158720.0, "mean": 3.028758645795413}, "Wake73.txt": {"network_size": 5372, "max": 9.0, "number": 28788590, "giant_component_n": 5366, "total": 72378740.0, "mean": 2.514146750500806}, "USC35.txt": {"network_size": 17444, "max": 9.0, "number": 304136160, "giant_component_n": 17440, "total": 851832846.0, "mean": 2.8008272544770736}, "Columbia2.txt": {"network_size": 11770, "max": 9.0, "number": 137018730, "giant_component_n": 11706, "total": 388656870.0, "mean": 2.836523663589642}, "UConn91.txt": {"network_size": 17212, "max": 8.0, "number": 296029230, "giant_component_n": 17206, "total": 863837120.0, "mean": 2.918080488200439}, "BU10.txt": {"network_size": 19700, "max": 9.0, "number": 386731890, "giant_component_n": 19666, "total": 1170957108.0, "mean": 3.027826611350825}, "USF51.txt": {"network_size": 13377, "max": 8.0, "number": 178663322, "giant_component_n": 13367, "total": 559697418.0, "mean": 3.132693446727695}, "UChicago30.txt": {"network_size": 6591, "max": 10.0, "number": 43040160, "giant_component_n": 6561, "total": 120843606.0, "mean": 2.8076941628469783}, "Carnegie49.txt": {"network_size": 6637, "max": 8.0, "number": 43831020, "giant_component_n": 6621, "total": 120012256.0, "mean": 2.7380666934057203}, "UCSD34.txt": {"network_size": 14948, "max": 9.0, "number": 223069160, "giant_component_n": 14936, "total": 670709324.0, "mean": 3.0067326384337485}, "MSU24.txt": {"network_size": 32375, "max": 8.0, "number": 1047201960, "giant_component_n": 32361, "total": 3187076152.0, "mean": 3.0434207285097137}, "Mich67.txt": {"network_size": 3748, "max": 7.0, "number": 14021280, "giant_component_n": 3745, "total": 39812440.0, "mean": 2.8394297810185662}, "Penn94.txt": {"network_size": 41554, "max": 8.0, "number": 1725197760, "giant_component_n": 41536, "total": 5385466182.0, "mean": 3.1216515038832418}, "UPenn7.txt": {"network_size": 14916, "max": 9.0, "number": 221637656, "giant_component_n": 14888, "total": 634787210.0, "mean": 2.864076535803104}, "Colgate88.txt": {"network_size": 3482, "max": 6.0, "number": 12120842, "giant_component_n": 3482, "total": 29775714.0, "mean": 2.4565714164082}, "Maryland58.txt": {"network_size": 20871, "max": 7.0, "number": 433826412, "giant_component_n": 20829, "total": 1274098760.0, "mean": 2.9368861018079278}, "Vanderbilt48.txt": {"network_size": 8069, "max": 7.0, "number": 65003906, "giant_component_n": 8063, "total": 169852216.0, "mean": 2.6129539969490447}, "Howard90.txt": {"network_size": 4047, "max": 7.0, "number": 16374162, "giant_component_n": 4047, "total": 39582968.0, "mean": 2.4174042005935936}, "American75.txt": {"network_size": 6386, "max": 9.0, "number": 40570530, "giant_component_n": 6370, "total": 112216842.0, "mean": 2.7659693378420247}, "Middlebury45.txt": {"network_size": 3075, "max": 7.0, "number": 9415692, "giant_component_n": 3069, "total": 23600814.0, "mean": 2.5065405707833266}, "Oklahoma97.txt": {"network_size": 17425, "max": 9.0, "number": 303438980, "giant_component_n": 17420, "total": 839877102.0, "mean": 2.7678616043331017}, "Wesleyan43.txt": {"network_size": 3593, "max": 7.0, "number": 12891690, "giant_component_n": 3591, "total": 32912288.0, "mean": 2.5529847521930793}, "Oberlin44.txt": {"network_size": 2920, "max": 7.0, "number": 8523480, "giant_component_n": 2920, "total": 21985652.0, "mean": 2.5794220201138502}, "UIllinois20.txt": {"network_size": 30809, "max": 8.0, "number": 948301230, "giant_component_n": 30795, "total": 2831082422.0, "mean": 2.9854252345533707}, "Tufts18.txt": {"network_size": 6682, "max": 10.0, "number": 44508912, "giant_component_n": 6672, "total": 123072150.0, "mean": 2.7651125239817143}, "Smith60.txt": {"network_size": 2970, "max": 7.0, "number": 8817930, "giant_component_n": 2970, "total": 22024166.0, "mean": 2.4976571599003394}, "GWU54.txt": {"network_size": 12193, "max": 9.0, "number": 147950732, "giant_component_n": 12164, "total": 418077016.0, "mean": 2.825785383745178}, "Mississippi66.txt": {"network_size": 10521, "max": 7.0, "number": 110638842, "giant_component_n": 10519, "total": 290096528.0, "mean": 2.62201341550556}, "Vermont70.txt": {"network_size": 7324, "max": 7.0, "number": 53604362, "giant_component_n": 7322, "total": 155638724.0, "mean": 2.9034712510896035}, "Berkeley13.txt": {"network_size": 22937, "max": 7.0, "number": 524387100, "giant_component_n": 22900, "total": 1541648740.0, "mean": 2.9399059206452636}, "William77.txt": {"network_size": 6472, "max": 8.0, "number": 41880312, "giant_component_n": 6472, "total": 109101864.0, "mean": 2.60508718273159}, "BC17.txt": {"network_size": 11509, "max": 9.0, "number": 132192506, "giant_component_n": 11498, "total": 369059972.0, "mean": 2.7918373224575985}, "Bucknell39.txt": {"network_size": 3826, "max": 6.0, "number": 14619152, "giant_component_n": 3824, "total": 36651556.0, "mean": 2.507091793012344}, "USFCA72.txt": {"network_size": 2682, "max": 7.0, "number": 7136912, "giant_component_n": 2672, "total": 19204770.0, "mean": 2.6909074961271764}, "Maine59.txt": {"network_size": 9069, "max": 7.0, "number": 82165160, "giant_component_n": 9065, "total": 240856044.0, "mean": 2.931364631919417}, "Williams40.txt": {"network_size": 2790, "max": 6.0, "number": 7770156, "giant_component_n": 2788, "total": 18772608.0, "mean": 2.4159885593030563}, "Northeastern19.txt": {"network_size": 13882, "max": 9.0, "number": 192307556, "giant_component_n": 13868, "total": 583873772.0, "mean": 3.0361457664201192}, "Cornell5.txt": {"network_size": 18660, "max": 8.0, "number": 346723020, "giant_component_n": 18621, "total": 997136694.0, "mean": 2.875888350303363}, "Swarthmore42.txt": {"network_size": 1659,